{
  "rouge": {
    "rouge1": 0.1,
    "rouge2": 0.0,
    "rougeL": 0.1
  },
  "bertscore": {
    "precision": 0.7668769955635071,
    "recall": 0.766638457775116,
    "f1": 0.766523003578186
  }
}